[{"MessageID":"7936784458","MessageHash":"79:0:HEYWUD","Recipient":"+2712345678","Message":"Hey wud"}, {"MessageID":"4827373168","MessageHash":"48:1:WHERETIME.","Recipient":"+27838884567","Message":"Where are you? You are late! I have asked you to be on time."}, {"MessageID":"9232432912","MessageHash":"92:4:OK,YOU.","Recipient":"+27838884567","Message":"Ok, I am leaving without you."}, {"MessageID":"7473299071","MessageHash":"74:1:WHERETIME.","Recipient":"+27838884567","Message":"Where are you? You are late! I have asked you to be on time."}, {"MessageID":"1897003404","MessageHash":"18:4:OK,YOU.","Recipient":"+27838884567","Message":"Ok, I am leaving without you."}, {"MessageID":"9972672939","MessageHash":"99:1:WHERETIME.","Recipient":"+27838884567","Message":"Where are you? You are late! I have asked you to be on time."}, {"MessageID":"6959107884","MessageHash":"69:4:OK,YOU.","Recipient":"+27838884567","Message":"Ok, I am leaving without you."}, {"MessageID":"6844245639","MessageHash":"68:1:WHERETIME.","Recipient":"+27838884567","Message":"Where are you? You are late! I have asked you to be on time."}, {"MessageID":"0953725149","MessageHash":"09:4:OK,YOU.","Recipient":"+27838884567","Message":"Ok, I am leaving without you."}, {"MessageID":"2619917269","MessageHash":"26:1:WHERETIME.","Recipient":"+27838884567","Message":"Where are you? You are late! I have asked you to be on time."}, {"MessageID":"1661699268","MessageHash":"16:4:OK,YOU.","Recipient":"+27838884567","Message":"Ok, I am leaving without you."}, {"MessageID":"5551408724","MessageHash":"55:1:WHERETIME.","Recipient":"+27838884567","Message":"Where are you? You are late! I have asked you to be on time."}, {"MessageID":"8456399112","MessageHash":"84:4:OK,YOU.","Recipient":"+27838884567","Message":"Ok, I am leaving without you."}, {"MessageID":"0741565632","MessageHash":"07:0:HEYHOME?","Recipient":"+2783123456","Message":"hey are you home?"}]
